{
    "type": "minecraft:waterlogged_vegetation_patch",
    "config": {
        "surface": "floor",
        "depth": {
            "type": "minecraft:uniform",
            "min_inclusive": 2,
            "max_inclusive": 4
        },
        "vertical_range": 7,
        "extra_bottom_block_chance": 0.5,
        "extra_edge_column_chance": 0.5,
        "vegetation_chance": 1,
        "xz_radius": {
            "type": "minecraft:uniform",
            "min_inclusive": 2,
            "max_inclusive": 7
        },
        "replaceable": "#nullscape:end_bottom",
        "ground_state": {
            "type": "minecraft:simple_state_provider",
            "state": {
                "Name": "minecraft:blackstone"
            }
        },
        "vegetation_feature": {
            "feature": {
                "type": "minecraft:random_selector",
                "config": {
                    "features": [
                        {
                            "chance": 0.935,
                            "feature": {
                                "feature": {
                                    "type": "minecraft:ore",
                                    "config": {
                                        "size": 37,
                                        "discard_chance_on_air_exposure": 0,
                                        "targets": [
                                            {
                                                "target": {
                                                    "predicate_type": "minecraft:random_block_match",
                                                    "block": "minecraft:end_stone",
                                                    "probability": 0.4
                                                },
                                                "state": {
                                                    "Name": "minecraft:blackstone"
                                                }
                                            }
                                        ]
                                    }
                                },
                                "placement": []
                            }
                        }
                    ],
                    "default": "nullscape:tar/glass_column"
                }
            },
            "placement": []
        }
    }
}