{
  "type": "minecraft:canyon",
  "config": {
    "probability": 0.5,
    "y": {
      "type": "minecraft:trapezoid",
      "min_inclusive": {
        "above_bottom": 20
      },
      "max_inclusive": {
        "below_top": 20
      },
      "plateau": 0
    },
    "yScale": {
      "type": "minecraft:uniform",
      "value": {
        "min_inclusive": 2,
        "max_exclusive": 12
      }
    },
    "lava_level": {
      "above_bottom": -10
    },
    "aquifers_enabled": false,
    "debug_settings": {
      "debug_mode": true,
      "air_state": {
        "Name": "minecraft:air"
      },
      "water_state": {
        "Name": "minecraft:air"
      },
      "lava_state": {
        "Name": "minecraft:air"
      },
      "barrier_state": {
        "Name": "minecraft:air"
      }
    },
    "vertical_rotation": {
      "type": "minecraft:uniform",
      "value": {
        "min_inclusive": -0.125,
        "max_exclusive": 0.125
      }
    },
    "shape": {
      "distance_factor": {
        "type": "minecraft:uniform",
        "value": {
          "min_inclusive": 0.5,
          "max_exclusive": 2
        }
      },
      "thickness": {
        "type": "minecraft:clamped_normal",
        "value": {
          "min": 1,
          "max": 6,
          "mean": 0,
          "deviation": 2
        }
      },
      "width_smoothness": 100,
      "horizontal_radius_factor": {
        "type": "minecraft:uniform",
        "value": {
          "min_inclusive": 0.75,
          "max_exclusive": 1.65
        }
      },
      "vertical_radius_default_factor": 1,
      "vertical_radius_center_factor": 3
    },
    "replaceable": "#minecraft:overworld_carver_replaceables"
  }
}
