{
	"feature": "nullscape:tar/cracks_start",
	"placement": [
		{
			"type": "minecraft:count",
			"count": 252
		},
		{
			"type": "minecraft:count",
			"count": 2
		},
		{
			"type": "minecraft:in_square"
		},
		{
			"type": "minecraft:noise_based_count",
			"noise_to_count_ratio": 40,
			"noise_factor": 144,
			"noise_offset": 0.4
		},
		{
			"type": "minecraft:noise_based_count",
			"noise_to_count_ratio": 1,
			"noise_factor": 33,
			"noise_offset": 0.05
		},
		{
			"type": "minecraft:noise_based_count",
			"noise_to_count_ratio": -1,
			"noise_factor": 33,
			"noise_offset": -0.05
		}
	]
}
