{
	"feature": "nullscape:tar/tar_pits",
	"placement": [
		{
			"type": "count",
			"count": {
				"type": "minecraft:uniform",
				"value": {
					"min_inclusive": 50,
					"max_inclusive": 55
				}
			}
		},
		{
			"type": "minecraft:in_square"
		},
		{
			"type": "minecraft:noise_based_count",
			"noise_to_count_ratio": 27,
			"noise_factor": 144,
			"noise_offset": -0.1
		},
		{
			"type": "minecraft:height_range",
			"height": {
				"type": "minecraft:uniform",
				"min_inclusive": {
					"above_bottom": 0
				},
				"max_inclusive": {
					"below_top": 0
				}
			}
		},
		{
			"type": "minecraft:rarity_filter",
			"chance": 60
		},
		{
			"type": "minecraft:environment_scan",
			"direction_of_search": "down",
			"target_condition": {
				"type": "minecraft:solid"
			},
			"allowed_search_condition": {
				"type": "minecraft:matching_blocks",
				"blocks": [
					"minecraft:air"
				]
			},
			"max_steps": 32
		}
	]
}
