{
  "type": "minecraft:cache_once",
  "argument": {
    "type": "minecraft:min",
    "argument1": -0.15,
    "argument2": {
      "type": "minecraft:add",
      "argument1": {
        "type": "minecraft:add",
        "argument1": -1,
        "argument2": "nullscape:porosity/influence_add"
      },
      "argument2": {
        "type": "minecraft:mul",
        "argument1": "nullscape:porosity/influence",
        "argument2": {
          "type": "minecraft:shifted_noise",
          "noise": "nullscape:material/sub_property/porosity/influence_medium",
          "xz_scale": 1,
          "y_scale": 1,
          "shift_x": {
            "type": "minecraft:mul",
            "argument1": {
              "type": "minecraft:mul",
              "argument1": "nullscape:porosity/shift/global",
              "argument2": "nullscape:porosity/shift/x"
            },
            "argument2": {
              "type": "minecraft:noise",
              "noise": "nullscape:math/shift_x",
              "xz_scale": 2,
              "y_scale": 2
            }
          },
          "shift_y": {
            "type": "minecraft:mul",
            "argument1": {
              "type": "minecraft:mul",
              "argument1": "nullscape:porosity/shift/global",
              "argument2": "nullscape:porosity/shift/y"
            },
            "argument2": {
              "type": "minecraft:noise",
              "noise": "nullscape:math/shift_y",
              "xz_scale": 2,
              "y_scale": 2
            }
          },
          "shift_z": {
            "type": "minecraft:mul",
            "argument1": {
              "type": "minecraft:mul",
              "argument1": "nullscape:porosity/shift/global",
              "argument2": "nullscape:porosity/shift/z"
            },
            "argument2": {
              "type": "minecraft:noise",
              "noise": "nullscape:math/shift_z",
              "xz_scale": 2,
              "y_scale": 2
            }
          }
        }
      }
    }
  }
}
