{
    "effects": {
        "mood_sound": {
            "sound": "minecraft:ambient.cave",
            "tick_delay": 6000,
            "block_search_extent": 8,
            "offset": 2
        },
        "sky_color": 0,
        "fog_color": 10518688,
        "water_color": 4159204,
        "water_fog_color": 329011
    },
    "carvers": {},
    "features": [
        [],
        [],
        [],
        [],
        [
            "minecraft:end_gateway_return"
        ],
        [],
        [],
        [],
        [],
        [
            "nullscape:highland/glowstone_patch",
            "nullscape:highland/patch_bottom",
            "nullscape:glowstone/roots",
            "nullscape:glowstone/tree",
            "nullscape:glowstone/tree2",
            "nullscape:chorus_quadratic",
            "nullscape:chorus_variation"
        ]
    ],
    "spawners": {
        "monster": [
            {
                "type": "minecraft:enderman",
                "weight": 10,
                "minCount": 4,
                "maxCount": 4
            }
        ],
        "creature": [],
        "ambient": [],
        "axolotls": [],
        "underground_water_creature": [],
        "water_creature": [],
        "water_ambient": [],
        "misc": []
    },
    "spawn_costs": {},
    "temperature": 0.5,
    "downfall": 0.5,
    "has_precipitation": false
}
