{
  "type": "minecraft:cache_once",
  "argument": {
    "type": "minecraft:shifted_noise",
    "noise": "nullscape:terrain/continentalness",
    "shift_x": {
      "type": "mul",
      "argument1": 0.125,
      "argument2": {
        "type": "minecraft:mul",
        "argument1": {
          "type": "minecraft:mul",
          "argument1": "nullscape:elasticity/global",
          "argument2": "nullscape:elasticity/x"
        },
        "argument2": {
          "type": "minecraft:noise",
          "noise": "nullscape:math/shift_x",
          "xz_scale": 0.167,
          "y_scale": 0.5
        }
      }
    },
    "shift_y": 0,
    "shift_z": {
      "type": "mul",
      "argument1": 0.125,
      "argument2": {
        "type": "minecraft:mul",
        "argument1": {
          "type": "minecraft:mul",
          "argument1": "nullscape:elasticity/global",
          "argument2": "nullscape:elasticity/z"
        },
        "argument2": {
          "type": "minecraft:noise",
          "noise": "nullscape:math/shift_z",
          "xz_scale": 0.167,
          "y_scale": 0.5
        }
      }
    },
    "xz_scale": 0.25,
    "y_scale": 0.065
  }
}
