{
  "feature": "nullscape:chorus_quadratic",
  "placement": [
    {
      "type": "minecraft:count_on_every_layer",
      "count": 120
    },
    {
      "type": "minecraft:noise_based_count",
      "noise_to_count_ratio": 17,
      "noise_factor": 1563,
      "noise_offset": 0.2
    },
    {
      "type": "minecraft:noise_based_count",
      "noise_to_count_ratio": 18,
      "noise_factor": 1800,
      "noise_offset": 0
    },
    {
      "type": "minecraft:rarity_filter",
      "chance": 3500
    },
    {
      "type": "minecraft:block_predicate_filter",
      "predicate": {
        "type": "minecraft:matching_blocks",
        "offset": [
          0,
          -10,
          0
        ],
        "blocks": [
          "minecraft:end_stone"
        ]
      }
    },
    {
      "type": "biome"
    }
  ]
}
