{
	"feature": "nullscape:chorus_quadratic",
	"placement": [
		{
			"type": "minecraft:count_on_every_layer",
			"count": 120
		},
		{
			"type": "minecraft:noise_based_count",
			"noise_to_count_ratio": 17,
			"noise_factor": 250,
			"noise_offset": 0
		},
		{
			"type": "minecraft:noise_based_count",
			"noise_to_count_ratio": 1,
			"noise_factor": 1350,
			"noise_offset": 0
		},
		{
			"type": "minecraft:rarity_filter",
			"chance": 350
		},
		{
			"type": "biome"
		}
	]
}
