{
  "type": "minecraft:vegetation_patch",
  "config": {
    "surface": "floor",
    "depth": 1,
    "vertical_range": 1,
    "extra_bottom_block_chance": 0,
    "extra_edge_column_chance": 0,
    "vegetation_chance": 1,
    "xz_radius": 0,
    "replaceable": "#nullscape:rift_blocks",
    "ground_state": {
      "type": "minecraft:simple_state_provider",
      "state": {
        "Name": "minecraft:end_gateway"
      }
    },
    "vegetation_feature": {
      "feature": {
        "type": "minecraft:random_selector",
        "config": {
          "features": [],
          "default": {
            "feature": {
              "type": "minecraft:ore",
              "config": {
                "size": 20,
                "discard_chance_on_air_exposure": 0,
                "targets": [
                  {
                    "target": {
                      "predicate_type": "minecraft:block_match",
                      "block": "minecraft:end_stone"
                    },
                    "state": {
                      "Name": "minecraft:obsidian"
                    }
                  },
                  {
                    "target": {
                      "predicate_type": "minecraft:block_match",
                      "block": "minecraft:blackstone"
                    },
                    "state": {
                      "Name": "minecraft:obsidian"
                    }
                  }
                ]
              }
            },
            "placement": []
          }
        }
      },
      "placement": []
    }
  }
}
