{
  "type": "minecraft:interpolated",
  "argument": {
    "type": "minecraft:add",
    "argument1": {
      "type": "minecraft:add",
      "argument1": -1,
      "argument2": {
        "type": "minecraft:mul",
        "argument1": 0,
        "argument2": {
          "type": "minecraft:noise",
          "noise": "nullscape:material/effect/sharpness/point",
          "xz_scale": 1,
          "y_scale": 1
        }
      }
    },
    "argument2": {
      "type": "minecraft:shifted_noise",
      "noise": "nullscape:material/effect/sharpness/point",
      "xz_scale": 1,
      "y_scale": 0.5,
      "shift_x": {
        "type": "minecraft:mul",
        "argument1": 400,
        "argument2": {
          "type": "minecraft:add",
          "argument1": {
            "type": "minecraft:y_clamped_gradient",
            "from_y": 0,
            "to_y": 384,
            "from_value": 0,
            "to_value": 1
          },
          "argument2": {
            "type": "minecraft:shifted_noise",
            "noise": "nullscape:material/effect/sharpness/x",
            "xz_scale": 1,
            "y_scale": 1,
            "shift_x": 0,
            "shift_y": 0,
            "shift_z": 0
          }
        }
      },
      "shift_y": {
        "type": "minecraft:mul",
        "argument1": 50,
        "argument2": {
          "type": "minecraft:add",
          "argument1": {
            "type": "minecraft:y_clamped_gradient",
            "from_y": 0,
            "to_y": 384,
            "from_value": 0,
            "to_value": 1.65
          },
          "argument2": {
            "type": "minecraft:shifted_noise",
            "noise": "nullscape:material/effect/sharpness/y",
            "xz_scale": 1,
            "y_scale": 1,
            "shift_x": 0,
            "shift_y": 0,
            "shift_z": 0
          }
        }
      },
      "shift_z": {
        "type": "minecraft:mul",
        "argument1": 400,
        "argument2": {
          "type": "minecraft:add",
          "argument1": {
            "type": "minecraft:y_clamped_gradient",
            "from_y": 0,
            "to_y": 384,
            "from_value": 0,
            "to_value": 1
          },
          "argument2": {
            "type": "minecraft:shifted_noise",
            "noise": "nullscape:material/effect/sharpness/z",
            "xz_scale": 1,
            "y_scale": 1,
            "shift_x": 0,
            "shift_y": 0,
            "shift_z": 0
          }
        }
      }
    }
  }
}
