{
    "config": {
        "lava_level": {
            "above_bottom": -10
        },
        "aquifers_enabled": false,
        "debug_settings": {
            "water_state": {
                "Properties": {
                    "waterlogged": "false",
                    "lit": "false",
                    "candles": "1"
                },
                "Name": "minecraft:candle"
            },
            "lava_state": {
                "Name": "minecraft:orange_stained_glass"
            },
            "barrier_state": {
                "Name": "minecraft:glass"
            },
            "air_state": {
                "Properties": {
                    "powered": "false",
                    "facing": "north",
                    "face": "wall"
                },
                "Name": "minecraft:warped_button"
            }
        },
        "probability": 0.02,
        "y": {
            "min_inclusive": {
                "absolute": 20
            },
            "max_inclusive": {
                "absolute": 67
            },
            "inner": 8,
            "type": "minecraft:biased_to_bottom"
        },
        "yScale": 3,
        "vertical_rotation": {
            "type": "minecraft:uniform",
            "min_inclusive": -0.125,
            "max_exclusive": 0.125
        },
        "shape": {
            "horizontal_radius_factor": {
                "type": "minecraft:uniform",
                "min_inclusive": 0.75,
                "max_exclusive": 1
            },
            "vertical_radius_default_factor": 1,
            "vertical_radius_center_factor": 0,
            "distance_factor": {
                "type": "minecraft:uniform",
                "min_inclusive": 0.75,
                "max_exclusive": 1
            },
            "thickness": {
                "type": "minecraft:trapezoid",
                "min": 0,
                "max": 6,
                "plateau": 2
            },
            "width_smoothness": 3
        },
        "replaceable": "#minecraft:overworld_carver_replaceables"
    },
    "type": "minecraft:canyon"
}