{
    "type": "minecraft:canyon",
    "config": {
        "probability": 0.1,
        "y": {
            "type": "minecraft:uniform",
            "min_inclusive": {
                "above_bottom": 14
            },
            "max_inclusive": {
                "below_top": 14
            }
        },
        "yScale": {
            "type": "minecraft:uniform",
            "min_inclusive": 4.5,
            "max_exclusive": 5.5
        },
        "lava_level": {
            "absolute": -100
        },
        "aquifers_enabled": false,
        "vertical_rotation": {
            "type": "minecraft:uniform",
            "min_inclusive": 0,
            "max_exclusive": 0.05
        },
        "shape": {
            "distance_factor": {
                "type": "minecraft:uniform",
                "min_inclusive": 0.175,
                "max_exclusive": 0.3
            },
            "thickness": {
                "type": "minecraft:uniform",
                "min_inclusive": 0.55,
                "max_exclusive": 0.7
            },
            "width_smoothness": 50,
            "horizontal_radius_factor": {
                "type": "minecraft:uniform",
                "min_inclusive": 1,
                "max_exclusive": 1.125
            },
            "vertical_radius_default_factor": 1.35,
            "vertical_radius_center_factor": 0
        },
        "replaceable": "#minecraft:overworld_carver_replaceables"
    }
}