{
    "type": "minecraft:canyon",
    "config": {
        "probability": 0.01,
        "y": {
            "type": "minecraft:uniform",
            "min_inclusive": {
                "above_bottom": 40
            },
            "max_inclusive": {
                "absolute": 120
            }
        },
        "yScale": {
            "type": "minecraft:uniform",
            "min_inclusive": 4,
            "max_exclusive": 7
        },
        "lava_level": {
            "above_bottom": -1
        },
        "aquifers_enabled": false,
        "debug_settings": {
            "debug_mode": true,
            "air_state": {
                "Name": "minecraft:air",
                "Properties": {}
            },
            "water_state": {
                "Name": "minecraft:air",
                "Properties": {}
            },
            "lava_state": {
                "Name": "minecraft:air"
            },
            "barrier_state": {
                "Name": "minecraft:air"
            }
        },
        "vertical_rotation": {
            "type": "minecraft:uniform",
            "min_inclusive": -0.125,
            "max_exclusive": 0.125
        },
        "shape": {
            "distance_factor": {
                "type": "minecraft:uniform",
                "min_inclusive": 0.95,
                "max_exclusive": 1.5
            },
            "thickness": {
                "type": "minecraft:uniform",
                "min_inclusive": 6,
                "max_exclusive": 12
            },
            "width_smoothness": 20,
            "horizontal_radius_factor": {
                "type": "minecraft:uniform",
                "min_inclusive": 0.75,
                "max_exclusive": 1.05
            },
            "vertical_radius_default_factor": 1,
            "vertical_radius_center_factor": 0
        },
        "replaceable": "#minecraft:overworld_carver_replaceables"
    }
}