{
    "type": "minecraft:canyon",
    "config": {
        "probability": 0.12,
        "y": {
            "type": "minecraft:trapezoid",
            "min_inclusive": {
                "absolute": -74
            },
            "max_inclusive": {
                "absolute": 160
            }
        },
        "yScale": {
            "type": "minecraft:uniform",
            "min_inclusive": 1,
            "max_exclusive": 1.5
        },
        "lava_level": {
            "above_bottom": 8
        },
        "aquifers_enabled": false,
        "debug_settings": {
            "debug_mode": false,
            "air_state": {
                "Name": "minecraft:cave_air",
                "Properties": {}
            },
            "water_state": {
                "Name": "minecraft:cave_air",
                "Properties": {}
            },
            "lava_state": {
                "Name": "minecraft:lava",
                "Properties": {
                    "level": "0"
                }
            },
            "barrier_state": {
                "Name": "minecraft:stone"
            }
        },
        "vertical_rotation": {
            "type": "minecraft:uniform",
            "min_inclusive": -1,
            "max_exclusive": 1
        },
        "shape": {
            "distance_factor": {
                "type": "minecraft:uniform",
                "min_inclusive": 4,
                "max_exclusive": 7
            },
            "thickness": {
                "type": "minecraft:trapezoid",
                "min": 1,
                "max": 8,
                "plateau": 2
            },
            "width_smoothness": 15,
            "horizontal_radius_factor": {
                "type": "minecraft:uniform",
                "min_inclusive": 0.75,
                "max_exclusive": 1.5
            },
            "vertical_radius_default_factor": 0.25,
            "vertical_radius_center_factor": 1
        },
        "replaceable": "#minecraft:overworld_carver_replaceables"
    }
}