{
    "type": "minecraft:canyon",
    "config": {
        "probability": 0.15,
        "y": {
            "type": "minecraft:trapezoid",
            "min_inclusive": {
                "absolute": -74
            },
            "max_inclusive": {
                "absolute": 160
            }
        },
        "yScale": {
            "type": "minecraft:uniform",
            "min_inclusive": 1,
            "max_exclusive": 1.5
        },
        "lava_level": {
            "above_bottom": 0
        },
        "aquifers_enabled": false,
        "debug_settings": {
            "debug_mode": true,
            "air_state": {
                "Name": "minecraft:end_stone",
                "Properties": {}
            },
            "water_state": {
                "Name": "minecraft:end_stone",
                "Properties": {}
            },
            "lava_state": {
                "Name": "minecraft:end_stone",
                "Properties": {
                    "level": "0"
                }
            },
            "barrier_state": {
                "Name": "minecraft:end_stone"
            }
        },
        "vertical_rotation": {
            "type": "minecraft:uniform",
            "min_inclusive": -1000,
            "max_exclusive": 1000
        },
        "shape": {
            "distance_factor": {
                "type": "minecraft:uniform",
                "min_inclusive": 0.2,
                "max_exclusive": 2.25
            },
            "thickness": {
                "type": "minecraft:trapezoid",
                "min": 0,
                "max": 3.5,
                "plateau": 0
            },
            "width_smoothness": 20,
            "horizontal_radius_factor": {
                "type": "minecraft:trapezoid",
                "min": 0,
                "max": 2,
                "plateau": 0
            },
            "vertical_radius_default_factor": 0.25,
            "vertical_radius_center_factor": 1
        },
        "replaceable": "#minecraft:overworld_carver_replaceables"
    }
}