{
  "type": "minecraft:delta_feature",
  "config": {
    "contents": {
      "Name": "minecraft:calcite",
      "Properties": {
        "snowy": "false"
      }
    },
    "rim": {
      "Name": "minecraft:calcite"
    },
    "size": {
      "type": "minecraft:uniform",
      "value": {
        "min_inclusive": 6,
        "max_inclusive": 7
      }
    },
    "rim_size": {
      "type": "minecraft:uniform",
      "value": {
        "min_inclusive": 1,
        "max_inclusive": 2
      }
    }
  }
}
