{
    "processors": [
        {
            "rules": [
                {
                    "position_predicate": {
                        "predicate_type": "minecraft:always_true"
                    },
                    "output_state": {
                        "Name": "minecraft:crying_obsidian"
                    },
                    "input_predicate": {
                        "block": "minecraft:obsidian",
                        "probability": 0.18,
                        "predicate_type": "minecraft:random_block_match"
                    },
                    "location_predicate": {
                        "predicate_type": "minecraft:always_true"
                    }
                },
                {
                    "position_predicate": {
                        "predicate_type": "minecraft:always_true"
                    },
                    "output_state": {
                        "Name": "minecraft:lime_stained_glass"
                    },
                    "input_predicate": {
                        "block": "minecraft:blue_stained_glass",
                        "probability": 0.02,
                        "predicate_type": "minecraft:random_block_match"
                    },
                    "location_predicate": {
                        "predicate_type": "minecraft:always_true"
                    }
                },
                {
                    "position_predicate": {
                        "predicate_type": "minecraft:always_true"
                    },
                    "output_state": {
                        "Name": "minecraft:blue_stained_glass"
                    },
                    "input_predicate": {
                        "block": "minecraft:lime_stained_glass",
                        "probability": 0.02,
                        "predicate_type": "minecraft:random_block_match"
                    },
                    "location_predicate": {
                        "predicate_type": "minecraft:always_true"
                    }
                }
            ],
            "processor_type": "minecraft:rule",
            "name": "nullscape:phantom_nest"
        }
    ]
}
