{
    "logical_height": 384,
    "infiniburn": "#minecraft:infiniburn_end",
    "effects": "minecraft:the_end",
    "ambient_light": 0,
    "respawn_anchor_works": false,
    "has_raids": true,
    "min_y": 0,
    "height": 384,
    "natural": false,
    "coordinate_scale": 1,
    "piglin_safe": false,
    "bed_works": false,
    "fixed_time": 18000,
    "has_skylight": false,
    "has_ceiling": false,
    "ultrawarm": false,
    "monster_spawn_block_light_limit": 0,
    "monster_spawn_light_level": {
        "type": "minecraft:uniform",
        "min_inclusive": 0,
        "max_inclusive": 7
    }
}