{
  "type": "minecraft:simple_random_selector",
  "config": {
    "features": [
      {
        "feature": {
          "type": "minecraft:random_patch",
          "config": {
            "tries": 2000,
            "xz_spread": 4,
            "y_spread": 0,
            "feature": {
              "feature": {
                "type": "minecraft:simple_block",
                "config": {
                  "to_place": {
                    "type": "minecraft:simple_state_provider",
                    "state": {
                      "Name": "minecraft:obsidian"
                    }
                  }
                }
              },
              "placement": [
                {
                  "type": "minecraft:block_predicate_filter",
                  "predicate": {
                    "type": "minecraft:all_of",
                    "predicates": [
                      {
                        "type": "minecraft:matching_blocks",
                        "blocks": [
                          "minecraft:air"
                        ]
                      },
                      {
                        "type": "minecraft:matching_blocks",
                        "offset": [
                          0,
                          -1,
                          0
                        ],
                        "blocks": [
                          "minecraft:obsidian",
                          "minecraft:end_stone",
                          "minecraft:air"
                        ]
                      }
                    ]
                  }
                }
              ]
            }
          }
        },
        "placement": []
      },
      {
        "feature": {
          "type": "minecraft:random_patch",
          "config": {
            "tries": 2000,
            "xz_spread": 1,
            "y_spread": 0,
            "feature": {
              "feature": {
                "type": "minecraft:simple_block",
                "config": {
                  "to_place": {
                    "type": "minecraft:simple_state_provider",
                    "state": {
                      "Name": "minecraft:obsidian"
                    }
                  }
                }
              },
              "placement": [
                {
                  "type": "minecraft:block_predicate_filter",
                  "predicate": {
                    "type": "minecraft:all_of",
                    "predicates": [
                      {
                        "type": "minecraft:matching_blocks",
                        "blocks": [
                          "minecraft:air"
                        ]
                      },
                      {
                        "type": "minecraft:matching_blocks",
                        "offset": [
                          0,
                          -1,
                          0
                        ],
                        "blocks": [
                          "minecraft:obsidian",
                          "minecraft:end_stone",
                          "minecraft:air"
                        ]
                      }
                    ]
                  }
                }
              ]
            }
          }
        },
        "placement": []
      },
      {
        "feature": {
          "type": "minecraft:random_patch",
          "config": {
            "tries": 2000,
            "xz_spread": 2,
            "y_spread": 0,
            "feature": {
              "feature": {
                "type": "minecraft:simple_block",
                "config": {
                  "to_place": {
                    "type": "minecraft:simple_state_provider",
                    "state": {
                      "Name": "minecraft:obsidian"
                    }
                  }
                }
              },
              "placement": [
                {
                  "type": "minecraft:block_predicate_filter",
                  "predicate": {
                    "type": "minecraft:all_of",
                    "predicates": [
                      {
                        "type": "minecraft:matching_blocks",
                        "blocks": [
                          "minecraft:air"
                        ]
                      },
                      {
                        "type": "minecraft:matching_blocks",
                        "offset": [
                          0,
                          -1,
                          0
                        ],
                        "blocks": [
                          "minecraft:obsidian",
                          "minecraft:end_stone",
                          "minecraft:air"
                        ]
                      }
                    ]
                  }
                }
              ]
            }
          }
        },
        "placement": []
      },
      {
        "feature": {
          "type": "minecraft:random_patch",
          "config": {
            "tries": 2000,
            "xz_spread": 3,
            "y_spread": 0,
            "feature": {
              "feature": {
                "type": "minecraft:simple_block",
                "config": {
                  "to_place": {
                    "type": "minecraft:simple_state_provider",
                    "state": {
                      "Name": "minecraft:obsidian"
                    }
                  }
                }
              },
              "placement": [
                {
                  "type": "minecraft:block_predicate_filter",
                  "predicate": {
                    "type": "minecraft:all_of",
                    "predicates": [
                      {
                        "type": "minecraft:matching_blocks",
                        "blocks": [
                          "minecraft:air"
                        ]
                      },
                      {
                        "type": "minecraft:matching_blocks",
                        "offset": [
                          0,
                          -1,
                          0
                        ],
                        "blocks": [
                          "minecraft:obsidian",
                          "minecraft:end_stone",
                          "minecraft:air"
                        ]
                      }
                    ]
                  }
                }
              ]
            }
          }
        },
        "placement": []
      }
    ]
  }
}
