{
  "type": "minecraft:waterlogged_vegetation_patch",
  "config": {
    "surface": "floor",
    "depth": {
      "type": "minecraft:uniform",
      "value": {
        "min_inclusive": 2,
        "max_inclusive": 4
      }
    },
    "vertical_range": 7,
    "extra_bottom_block_chance": 0.5,
    "extra_edge_column_chance": 0.5,
    "vegetation_chance": 1,
    "xz_radius": {
      "type": "minecraft:uniform",
      "value": {
        "min_inclusive": 2,
        "max_inclusive": 7
      }
    },
    "replaceable": "#nullscape:end_bottom",
    "ground_state": {
      "type": "minecraft:weighted_state_provider",
      "entries": [
        {
          "weight": 37,
          "data": {
            "Name": "minecraft:blackstone"
          }
        },
        {
          "weight": 1,
          "data": {
            "Name": "minecraft:coal_block"
          }
        }
      ]
    },
    "vegetation_feature": {
      "feature": {
        "type": "minecraft:random_selector",
        "config": {
          "features": [
            {
              "chance": 0.4,
              "feature": {
                "feature": {
                  "type": "minecraft:simple_block",
                  "config": {
                    "to_place": {
                      "type": "minecraft:weighted_state_provider",
                      "entries": [
                        {
                          "weight": 3,
                          "data": {
                            "Name": "minecraft:light",
                            "Properties": {
                              "level": "15",
                              "waterlogged": "true"
                            }
                          }
                        },
                        {
                          "weight": 4,
                          "data": {
                            "Name": "minecraft:light",
                            "Properties": {
                              "level": "14",
                              "waterlogged": "true"
                            }
                          }
                        },
                        {
                          "weight": 5,
                          "data": {
                            "Name": "minecraft:light",
                            "Properties": {
                              "level": "13",
                              "waterlogged": "true"
                            }
                          }
                        },
                        {
                          "weight": 6,
                          "data": {
                            "Name": "minecraft:light",
                            "Properties": {
                              "level": "12",
                              "waterlogged": "true"
                            }
                          }
                        },
                        {
                          "weight": 7,
                          "data": {
                            "Name": "minecraft:light",
                            "Properties": {
                              "level": "11",
                              "waterlogged": "true"
                            }
                          }
                        },
                        {
                          "weight": 8,
                          "data": {
                            "Name": "minecraft:light",
                            "Properties": {
                              "level": "10",
                              "waterlogged": "true"
                            }
                          }
                        },
                        {
                          "weight": 9,
                          "data": {
                            "Name": "minecraft:light",
                            "Properties": {
                              "level": "9",
                              "waterlogged": "true"
                            }
                          }
                        },
                        {
                          "weight": 10,
                          "data": {
                            "Name": "minecraft:light",
                            "Properties": {
                              "level": "8",
                              "waterlogged": "true"
                            }
                          }
                        },
                        {
                          "weight": 11,
                          "data": {
                            "Name": "minecraft:light",
                            "Properties": {
                              "level": "7",
                              "waterlogged": "true"
                            }
                          }
                        },
                        {
                          "weight": 12,
                          "data": {
                            "Name": "minecraft:light",
                            "Properties": {
                              "level": "6",
                              "waterlogged": "true"
                            }
                          }
                        },
                        {
                          "weight": 13,
                          "data": {
                            "Name": "minecraft:light",
                            "Properties": {
                              "level": "5",
                              "waterlogged": "true"
                            }
                          }
                        },
                        {
                          "weight": 14,
                          "data": {
                            "Name": "minecraft:light",
                            "Properties": {
                              "level": "4",
                              "waterlogged": "true"
                            }
                          }
                        },
                        {
                          "weight": 15,
                          "data": {
                            "Name": "minecraft:light",
                            "Properties": {
                              "level": "3",
                              "waterlogged": "true"
                            }
                          }
                        }
                      ]
                    }
                  }
                },
                "placement": [
                  {
                    "type": "minecraft:block_predicate_filter",
                    "predicate": {
                      "type": "minecraft:all_of",
                      "predicates": [
                        {
                          "type": "minecraft:matching_blocks",
                          "offset": [
                            0,
                            -1,
                            0
                          ],
                          "blocks": [
                            "minecraft:coal_block",
                            "minecraft:blackstone"
                          ]
                        },
                        {
                          "type": "minecraft:matching_blocks",
                          "blocks": [
                            "minecraft:water"
                          ]
                        },
                        {
                          "type": "minecraft:matching_blocks",
                          "offset": [
                            0,
                            1,
                            0
                          ],
                          "blocks": [
                            "minecraft:air"
                          ]
                        }
                      ]
                    }
                  }
                ]
              }
            },
            {
              "chance": 0.5,
              "feature": {
                "feature": {
                  "type": "minecraft:ore",
                  "config": {
                    "size": 45,
                    "discard_chance_on_air_exposure": 0,
                    "targets": [
                      {
                        "target": {
                          "predicate_type": "minecraft:random_block_match",
                          "block": "minecraft:end_stone",
                          "probability": 0.4
                        },
                        "state": {
                          "Name": "minecraft:blackstone"
                        }
                      }
                    ]
                  }
                },
                "placement": []
              }
            }
          ],
          "default": "nullscape:tar/glass_column"
        }
      },
      "placement": []
    }
  }
}
