{
    "type": "minecraft:vegetation_patch",
    "config": {
        "surface": "floor",
        "depth": {
            "type": "minecraft:uniform",
            "min_inclusive": 2,
            "max_inclusive": 4
        },
        "vertical_range": 128,
        "extra_bottom_block_chance": 0.5,
        "extra_edge_column_chance": 0,
        "vegetation_chance": 1,
        "xz_radius": {
            "type": "minecraft:uniform",
            "min_inclusive": 0,
            "max_inclusive": 0
        },
        "replaceable": "#nullscape:end_bottom",
        "ground_state": {
            "type": "minecraft:simple_state_provider",
            "state": {
                "Name": "minecraft:glowstone"
            }
        },
        "vegetation_feature": {
            "feature": {
                "type": "minecraft:no_op",
                "config": {}
            },
            "placement": []
        }
    }
}