{
    "type": "minecraft:random_selector",
    "config": {
        "features": [
            {
                "chance": 0.94,
                "feature": {
                    "feature": {
                        "type": "minecraft:no_op",
                        "config": {
                            "size": 55,
                            "discard_chance_on_air_exposure": 0,
                            "targets": [
                                {
                                    "target": {
                                        "predicate_type": "minecraft:random_block_match",
                                        "block": "minecraft:end_stone",
                                        "probability": 0.015
                                    },
                                    "state": {
                                        "Name": "minecraft:blackstone"
                                    }
                                }
                            ]
                        }
                    },
                    "placement": []
                }
            },
            {
                "chance": 0.055,
                "feature": {
                    "feature": {
                        "type": "minecraft:tree",
                        "config": {
                            "ignore_vines": false,
                            "force_dirt": false,
                            "minimum_size": {
                                "type": "minecraft:two_layers_feature_size"
                            },
                            "dirt_provider": {
                                "type": "minecraft:simple_state_provider",
                                "state": {
                                    "Name": "minecraft:glowstone"
                                }
                            },
                            "sapling_provider": {
                                "type": "minecraft:simple_state_provider",
                                "state": {
                                    "Name": "minecraft:stone"
                                }
                            },
                            "trunk_provider": {
                                "type": "minecraft:simple_state_provider",
                                "state": {
                                    "Name": "minecraft:glowstone"
                                }
                            },
                            "foliage_provider": {
                                "type": "minecraft:simple_state_provider",
                                "state": {
                                    "Name": "minecraft:blackstone"
                                }
                            },
                            "trunk_placer": {
                                "type": "minecraft:straight_trunk_placer",
                                "base_height": 4,
                                "height_rand_a": 0,
                                "height_rand_b": 0
                            },
                            "foliage_placer": {
                                "type": "minecraft:bush_foliage_placer",
                                "radius": {
                                    "type": "minecraft:uniform",
                                    "min_inclusive": 0,
                                    "max_inclusive": 0
                                },
                                "offset": 0,
                                "height": 6
                            },
                            "decorators": []
                        }
                    },
                    "placement": []
                }
            },
            {
                "chance": 0.001,
                "feature": {
                    "feature": {
                        "type": "minecraft:tree",
                        "config": {
                            "ignore_vines": false,
                            "force_dirt": false,
                            "minimum_size": {
                                "type": "minecraft:two_layers_feature_size"
                            },
                            "dirt_provider": {
                                "type": "minecraft:simple_state_provider",
                                "state": {
                                    "Name": "minecraft:glowstone"
                                }
                            },
                            "sapling_provider": {
                                "type": "minecraft:simple_state_provider",
                                "state": {
                                    "Name": "minecraft:stone"
                                }
                            },
                            "trunk_provider": {
                                "type": "minecraft:simple_state_provider",
                                "state": {
                                    "Name": "minecraft:glowstone"
                                }
                            },
                            "foliage_provider": {
                                "type": "minecraft:simple_state_provider",
                                "state": {
                                    "Name": "minecraft:blackstone"
                                }
                            },
                            "trunk_placer": {
                                "type": "minecraft:giant_trunk_placer",
                                "base_height": 4,
                                "height_rand_a": 0,
                                "height_rand_b": 0
                            },
                            "foliage_placer": {
                                "type": "minecraft:bush_foliage_placer",
                                "radius": {
                                    "type": "minecraft:uniform",
                                    "min_inclusive": 0,
                                    "max_inclusive": 0
                                },
                                "offset": 0,
                                "height": 6
                            },
                            "decorators": []
                        }
                    },
                    "placement": []
                }
            }
        ],
        "default": {
            "feature": {
                "type": "minecraft:no_op",
                "config": {}
            },
            "placement": []
        }
    }
}