{
  "argument1": {
    "from_y": 0,
    "to_y": 384,
    "from_value": 1,
    "to_value": -2,
    "type": "minecraft:y_clamped_gradient"
  },
  "argument2": {
    "argument": {
      "argument": {
        "argument1": {
          "argument1": {
            "type": "minecraft:blend_offset"
          },
          "argument2": {
            "argument1": 1,
            "argument2": {
              "argument1": -1,
              "argument2": {
                "argument": {
                  "type": "minecraft:blend_alpha"
                },
                "type": "minecraft:cache_once"
              },
              "type": "minecraft:mul"
            },
            "type": "minecraft:add"
          },
          "type": "minecraft:mul"
        },
        "argument2": {
          "argument1": {
            "type": "minecraft:clamp",
            "min": -20,
            "max": 20,
            "input": {
              "type": "minecraft:add",
              "argument1": -0.5037500262260437,
              "argument2": {
                "type": "minecraft:spline",
                "spline": {
                  "coordinate": "nullscape:base/continents",
                  "points": [
                    {
                      "location": 0,
                      "value": {
                        "coordinate": "minecraft:overworld/erosion",
                        "points": [
                          {
                            "location": -0.3,
                            "value": {
                              "coordinate": "minecraft:overworld/ridges",
                              "points": [
                                {
                                  "location": -0.3,
                                  "value": -0.2,
                                  "derivative": -0.55
                                },
                                {
                                  "location": -0.185,
                                  "value": -0.5,
                                  "derivative": 0
                                },
                                {
                                  "location": -0.125,
                                  "value": -4,
                                  "derivative": 0
                                },
                                {
                                  "location": 0.125,
                                  "value": -4,
                                  "derivative": 0
                                },
                                {
                                  "location": 0.185,
                                  "value": -0.5,
                                  "derivative": 0
                                },
                                {
                                  "location": 0.3,
                                  "value": -0.2,
                                  "derivative": 0.7
                                }
                              ]
                            },
                            "derivative": 0
                          },
                          {
                            "location": 0,
                            "value": -0.75,
                            "derivative": 0
                          },
                          {
                            "location": 0.2,
                            "value": -0.915,
                            "derivative": 0
                          },
                          {
                            "location": 0.5,
                            "value": -1.65,
                            "derivative": 0
                          }
                        ]
                      },
                      "derivative": 0
                    },
                    {
                      "location": 0.135,
                      "value": -0.75,
                      "derivative": 0
                    },
                    {
                      "location": 0.14,
                      "value": -0.915,
                      "derivative": -20
                    },
                    {
                      "location": 0.2,
                      "value": -4,
                      "derivative": 0
                    },
                    {
                      "location": 0.3,
                      "value": {
                        "coordinate": "minecraft:overworld/erosion",
                        "points": [
                          {
                            "location": -0.3,
                            "value": {
                              "coordinate": "minecraft:overworld/ridges",
                              "points": [
                                {
                                  "location": -0.7,
                                  "value": 1,
                                  "derivative": 1
                                },
                                {
                                  "location": -0.05,
                                  "value": {
                                    "coordinate": "nullscape:base/continents",
                                    "points": [
                                      {
                                        "location": 0.3,
                                        "value": -0.2,
                                        "derivative": 0.4
                                      }
                                    ]
                                  },
                                  "derivative": -1.5
                                },
                                {
                                  "location": 0.05,
                                  "value": {
                                    "coordinate": "nullscape:base/continents",
                                    "points": [
                                      {
                                        "location": 0.3,
                                        "value": -0.2,
                                        "derivative": 0.4
                                      }
                                    ]
                                  },
                                  "derivative": 1.5
                                },
                                {
                                  "location": 0.7,
                                  "value": 1,
                                  "derivative": -1
                                }
                              ]
                            },
                            "derivative": 0
                          },
                          {
                            "location": 0,
                            "value": {
                              "coordinate": "minecraft:overworld/ridges",
                              "points": [
                                {
                                  "location": -0.4,
                                  "value": -0.085,
                                  "derivative": -0.2
                                },
                                {
                                  "location": -0.2,
                                  "value": -0.35,
                                  "derivative": -0.5
                                },
                                {
                                  "location": -0.15,
                                  "value": -0.35,
                                  "derivative": -1
                                },
                                {
                                  "location": 0.15,
                                  "value": -0.35,
                                  "derivative": 1
                                },
                                {
                                  "location": 0.2,
                                  "value": -0.1,
                                  "derivative": 0
                                },
                                {
                                  "location": 0.4,
                                  "value": -0.085,
                                  "derivative": 1
                                },
                                {
                                  "location": 0.975,
                                  "value": 0.3,
                                  "derivative": -1
                                }
                              ]
                            },
                            "derivative": 0
                          },
                          {
                            "location": 0.3,
                            "value": {
                              "coordinate": "minecraft:overworld/ridges",
                              "points": [
                                {
                                  "location": -0.65,
                                  "value": {
                                    "coordinate": "nullscape:base/continents",
                                    "points": [
                                      {
                                        "location": 0.65,
                                        "value": 1,
                                        "derivative": 0.25
                                      }
                                    ]
                                  },
                                  "derivative": 0
                                },
                                {
                                  "location": -0.625,
                                  "value": {
                                    "coordinate": "minecraft:overworld/erosion",
                                    "points": [
                                      {
                                        "location": 0.4,
                                        "value": 0.66666,
                                        "derivative": -0.25
                                      }
                                    ]
                                  },
                                  "derivative": 0
                                },
                                {
                                  "location": -0.475,
                                  "value": {
                                    "coordinate": "minecraft:overworld/erosion",
                                    "points": [
                                      {
                                        "location": 0.4,
                                        "value": 0.66,
                                        "derivative": -0.25
                                      }
                                    ]
                                  },
                                  "derivative": 0
                                },
                                {
                                  "location": -0.45,
                                  "value": {
                                    "coordinate": "nullscape:base/continents",
                                    "points": [
                                      {
                                        "location": 0.65,
                                        "value": 0.33,
                                        "derivative": -0.25
                                      }
                                    ]
                                  },
                                  "derivative": 0
                                },
                                {
                                  "location": -0.275,
                                  "value": 0.33,
                                  "derivative": 0
                                },
                                {
                                  "location": -0.25,
                                  "value": 0.025,
                                  "derivative": 0
                                },
                                {
                                  "location": -0.18,
                                  "value": 0,
                                  "derivative": 0
                                },
                                {
                                  "location": -0.135,
                                  "value": {
                                    "coordinate": "nullscape:base/continents",
                                    "points": [
                                      {
                                        "location": 0.3,
                                        "value": -0.2,
                                        "derivative": 0.4
                                      }
                                    ]
                                  },
                                  "derivative": -1.75
                                },
                                {
                                  "location": -0.05,
                                  "value": {
                                    "coordinate": "nullscape:base/continents",
                                    "points": [
                                      {
                                        "location": 0.3,
                                        "value": -0.25,
                                        "derivative": 0.4
                                      }
                                    ]
                                  },
                                  "derivative": -0.25
                                }
                              ]
                            },
                            "derivative": 0
                          }
                        ]
                      },
                      "derivative": -0.5
                    }
                  ]
                }
              }
            }
          },
          "argument2": {
            "argument": {
              "type": "minecraft:blend_alpha"
            },
            "type": "minecraft:cache_once"
          },
          "type": "minecraft:mul"
        },
        "type": "minecraft:add"
      },
      "type": "minecraft:cache_2d"
    },
    "type": "minecraft:flat_cache"
  },
  "type": "minecraft:add"
}
