{
  "argument1": {
    "argument1": 4,
    "argument2": {
      "argument": {
        "argument1": {
          "argument1": "nullscape:depth",
          "argument2": {
            "argument1": {
              "argument": {
                "argument": {
                  "argument1": {
                    "argument1": 0,
                    "argument2": {
                      "argument1": 1,
                      "argument2": {
                        "argument1": -1,
                        "argument2": {
                          "argument": {
                            "type": "minecraft:blend_alpha"
                          },
                          "type": "minecraft:cache_once"
                        },
                        "type": "minecraft:mul"
                      },
                      "type": "minecraft:add"
                    },
                    "type": "minecraft:mul"
                  },
                  "argument2": {
                    "argument1": {
                      "type": "minecraft:clamp",
                      "min": 0,
                      "max": 1.28,
                      "input": {
                        "type": "minecraft:spline",
                        "spline": {
                          "coordinate": "minecraft:overworld/continents",
                          "points": [
                            {
                              "location": 0,
                              "value": {
                                "coordinate": "minecraft:overworld/erosion",
                                "points": [
                                  {
                                    "location": 0.3,
                                    "value": 0,
                                    "derivative": 0
                                  },
                                  {
                                    "location": 0.4,
                                    "value": {
                                      "coordinate": "minecraft:overworld/ridges",
                                      "points": [
                                        {
                                          "location": 0,
                                          "value": 0,
                                          "derivative": 1.75
                                        }
                                      ]
                                    },
                                    "derivative": 0
                                  }
                                ]
                              },
                              "derivative": 0
                            },
                            {
                              "location": 0.15,
                              "value": 0,
                              "derivative": 0
                            },
                            {
                              "location": 0.3,
                              "value": {
                                "coordinate": "minecraft:overworld/erosion",
                                "points": [
                                  {
                                    "location": -0.3,
                                    "value": {
                                      "coordinate": "minecraft:overworld/ridges",
                                      "points": [
                                        {
                                          "location": -0.5,
                                          "value": 0.65,
                                          "derivative": 0
                                        },
                                        {
                                          "location": -0.3,
                                          "value": 0,
                                          "derivative": -3
                                        },
                                        {
                                          "location": 0,
                                          "value": 0,
                                          "derivative": 0
                                        },
                                        {
                                          "location": 0.3,
                                          "value": 0,
                                          "derivative": 4
                                        },
                                        {
                                          "location": 0.5,
                                          "value": 0.85,
                                          "derivative": 0
                                        }
                                      ]
                                    },
                                    "derivative": 0
                                  },
                                  {
                                    "location": 0,
                                    "value": {
                                      "coordinate": "minecraft:overworld/ridges",
                                      "points": [
                                        {
                                          "location": -0.5,
                                          "value": 0.15,
                                          "derivative": 0
                                        },
                                        {
                                          "location": -0.3,
                                          "value": 0,
                                          "derivative": 1.5
                                        },
                                        {
                                          "location": 0,
                                          "value": 0,
                                          "derivative": 0
                                        }
                                      ]
                                    },
                                    "derivative": 0
                                  },
                                  {
                                    "location": 0.3,
                                    "value": {
                                      "coordinate": "minecraft:overworld/ridges",
                                      "points": [
                                        {
                                          "location": -0.5,
                                          "value": 0,
                                          "derivative": 0
                                        },
                                        {
                                          "location": -0.3,
                                          "value": 0,
                                          "derivative": 0
                                        },
                                        {
                                          "location": 0,
                                          "value": 0,
                                          "derivative": 0
                                        },
                                        {
                                          "location": 0.3,
                                          "value": 0,
                                          "derivative": 0
                                        },
                                        {
                                          "location": 0.5,
                                          "value": 0,
                                          "derivative": 0
                                        }
                                      ]
                                    },
                                    "derivative": 0
                                  }
                                ]
                              },
                              "derivative": 0
                            }
                          ]
                        }
                      }
                    },
                    "argument2": {
                      "argument": {
                        "type": "minecraft:blend_alpha"
                      },
                      "type": "minecraft:cache_once"
                    },
                    "type": "minecraft:mul"
                  },
                  "type": "minecraft:add"
                },
                "type": "minecraft:cache_2d"
              },
              "type": "minecraft:flat_cache"
            },
            "argument2": {
              "argument": {
                "noise": "minecraft:jagged",
                "xz_scale": 1500,
                "y_scale": 0,
                "type": "minecraft:noise"
              },
              "type": "minecraft:half_negative"
            },
            "type": "minecraft:mul"
          },
          "type": "minecraft:add"
        },
        "argument2": "nullscape:base/factor",
        "type": "minecraft:mul"
      },
      "type": "minecraft:quarter_negative"
    },
    "type": "minecraft:mul"
  },
  "argument2": "nullscape:base/base_3d_noise",
  "type": "minecraft:add"
}
