{
  "feature": {
    "type": "minecraft:random_selector",
    "config": {
      "features": [
        {
          "chance": 0.9375,
          "feature": {
            "feature": "nullscape:float/asteroid",
            "placement": []
          }
        }
      ],
      "default": {
        "feature": "nullscape:float/asteroid_special",
        "placement": [
          {
            "type": "minecraft:noise_based_count",
            "noise_to_count_ratio": 1,
            "noise_factor": 405,
            "noise_offset": -0.15
          }
        ]
      }
    }
  },
  "placement": [
    {
      "type": "minecraft:noise_based_count",
      "noise_to_count_ratio": 11,
      "noise_factor": 1021,
      "noise_offset": -0.325
    },
    {
      "type": "minecraft:in_square"
    },
    {
      "type": "minecraft:rarity_filter",
      "chance": 8
    },
    {
      "type": "minecraft:height_range",
      "height": {
        "type": "minecraft:biased_to_bottom",
        "min_inclusive": {
          "above_bottom": 16
        },
        "max_inclusive": {
          "below_top": 64
        }
      }
    },
    {
      "type": "minecraft:biome"
    }
  ]
}
