{
	"feature": "nullscape:float/end_island_decorated",
	"placement": [
		{
			"type": "minecraft:rarity_filter",
			"chance": 14
		},
		{
			"type": "minecraft:count",
			"count": {
				"type": "minecraft:weighted_list",
				"distribution": [
					{
						"weight": 75,
						"data": 2
					},
					{
						"weight": 25,
						"data": 4
					}
				]
			}
		},
		{
			"type": "minecraft:in_square"
		},
		{
			"type": "minecraft:height_range",
			"height": {
				"min_inclusive": {
					"above_bottom": 14
				},
				"max_inclusive": {
					"below_top": 64
				},
				"type": "minecraft:uniform"
			}
		}
	]
}
