{
  "type": "minecraft:vegetation_patch",
  "config": {
    "surface": "floor",
    "depth": {
      "type": "minecraft:uniform",
      "value": {
        "min_inclusive": 1,
        "max_inclusive": 1
      }
    },
    "vertical_range": 128,
    "extra_bottom_block_chance": 0.5,
    "extra_edge_column_chance": 0,
    "vegetation_chance": 1,
    "xz_radius": {
      "type": "minecraft:uniform",
      "value": {
        "min_inclusive": 0,
        "max_inclusive": 0
      }
    },
    "replaceable": "#nullscape:glowstone",
    "ground_state": {
      "type": "minecraft:simple_state_provider",
      "state": {
        "Name": "minecraft:glowstone"
      }
    },
    "vegetation_feature": {
      "feature": {
        "type": "minecraft:random_selector",
        "config": {
          "features": [
            {
              "chance": 0.8,
              "feature": {
                "feature": {
                  "type": "minecraft:tree",
                  "config": {
                    "ignore_vines": false,
                    "force_dirt": false,
                    "minimum_size": {
                      "type": "minecraft:two_layers_feature_size"
                    },
                    "dirt_provider": {
                      "type": "minecraft:simple_state_provider",
                      "state": {
                        "Name": "minecraft:glowstone"
                      }
                    },
                    "sapling_provider": {
                      "type": "minecraft:simple_state_provider",
                      "state": {
                        "Name": "minecraft:glowstone"
                      }
                    },
                    "trunk_provider": {
                      "type": "minecraft:simple_state_provider",
                      "state": {
                        "Name": "minecraft:glowstone"
                      }
                    },
                    "foliage_provider": {
                      "type": "minecraft:simple_state_provider",
                      "state": {
                        "Name": "minecraft:glowstone"
                      }
                    },
                    "trunk_placer": {
                      "type": "minecraft:forking_trunk_placer",
                      "base_height": 2,
                      "height_rand_a": 1,
                      "height_rand_b": 2
                    },
                    "foliage_placer": {
                      "type": "minecraft:pine_foliage_placer",
                      "radius": 0,
                      "offset": 0,
                      "height": 0
                    },
                    "decorators": []
                  }
                },
                "placement": []
              }
            }
          ],
          "default": {
            "feature": {
              "type": "minecraft:tree",
              "config": {
                "ignore_vines": false,
                "force_dirt": false,
                "minimum_size": {
                  "type": "minecraft:two_layers_feature_size"
                },
                "dirt_provider": {
                  "type": "minecraft:simple_state_provider",
                  "state": {
                    "Name": "minecraft:glowstone"
                  }
                },
                "sapling_provider": {
                  "type": "minecraft:simple_state_provider",
                  "state": {
                    "Name": "minecraft:glowstone"
                  }
                },
                "trunk_provider": {
                  "type": "minecraft:simple_state_provider",
                  "state": {
                    "Name": "minecraft:glowstone"
                  }
                },
                "foliage_provider": {
                  "type": "minecraft:simple_state_provider",
                  "state": {
                    "Name": "minecraft:glowstone"
                  }
                },
                "trunk_placer": {
                  "type": "minecraft:bending_trunk_placer",
                  "base_height": 0,
                  "height_rand_a": 1,
                  "height_rand_b": 2,
                  "bend_length": {
                    "type": "minecraft:uniform",
                    "value": {
                      "min_inclusive": 1,
                      "max_inclusive": 4
                    }
                  },
                  "min_height_for_leaves": 100
                },
                "foliage_placer": {
                  "type": "minecraft:pine_foliage_placer",
                  "radius": 0,
                  "offset": 0,
                  "height": 0
                },
                "decorators": []
              }
            },
            "placement": []
          }
        }
      },
      "placement": []
    }
  }
}
