{
	"feature": "nullscape:rift/cracks_start",
	"placement": [
		{
			"type": "minecraft:count",
			"count": 172
		},
		{
			"type": "minecraft:count",
			"count": 7
		},
		{
			"type": "minecraft:in_square"
		},
		{
			"type": "minecraft:noise_based_count",
			"noise_to_count_ratio": 40,
			"noise_factor": 284,
			"noise_offset": -0.25
		},
		{
			"type": "minecraft:noise_based_count",
			"noise_to_count_ratio": 1,
			"noise_factor": 46,
			"noise_offset": 0.275
		},
		{
			"type": "minecraft:noise_based_count",
			"noise_to_count_ratio": -1,
			"noise_factor": 46,
			"noise_offset": -0.275
		}
	]
}
