{
	"feature": "nullscape:rift/cracks_crying",
	"placement": [
		{
			"type": "minecraft:count",
			"count": 172
		},
		{
			"type": "minecraft:count",
			"count": 7
		},
		{
			"type": "minecraft:in_square"
		},
		{
			"type": "minecraft:noise_based_count",
			"noise_to_count_ratio": 40,
			"noise_factor": 284,
			"noise_offset": -0.565
		},
		{
			"type": "minecraft:noise_based_count",
			"noise_to_count_ratio": 1,
			"noise_factor": 46,
			"noise_offset": 0.15
		},
		{
			"type": "minecraft:noise_based_count",
			"noise_to_count_ratio": -1,
			"noise_factor": 46,
			"noise_offset": -0.15
		},
		{
			"type": "minecraft:height_range",
			"height": {
				"type": "minecraft:uniform",
				"min_inclusive": {
					"above_bottom": 0
				},
				"max_inclusive": {
					"below_top": 0
				}
			}
		},
		{
			"type": "minecraft:rarity_filter",
			"chance": 35
		}
	]
}
