{
	"feature": "nullscape:rift/rift_sucks",
	"placement": [
		{
			"type": "count",
			"count": 16
		},
		{
			"type": "minecraft:count_on_every_layer",
			"count": 255
		},
		{
			"type": "minecraft:noise_based_count",
			"noise_to_count_ratio": 1,
			"noise_factor": 65,
			"noise_offset": 0.075
		},
		{
			"type": "minecraft:noise_based_count",
			"noise_to_count_ratio": -1,
			"noise_factor": 65,
			"noise_offset": -0.075
		},
		{
			"type": "minecraft:noise_based_count",
			"noise_to_count_ratio": 1,
			"noise_factor": 200,
			"noise_offset": -0.8
		}
	]
}
