{
  "type": "minecraft:cache_once",
  "argument": {
    "type": "minecraft:clamp",
    "input": {
      "type": "minecraft:mul",
      "argument1": {
        "type": "minecraft:spline",
        "spline": {
          "coordinate": "nullscape:elasticity/x_noise",
          "points": [
            {
              "location": -1,
              "derivative": 300,
              "value": 0
            },
            {
              "location": -0.5,
              "derivative": 500,
              "value": 150
            },
            {
              "location": 0,
              "derivative": 1200,
              "value": 400
            },
            {
              "location": 0.25,
              "derivative": 1600,
              "value": 800
            },
            {
              "location": 1,
              "derivative": 0,
              "value": 2000
            }
          ]
        }
      },
      "argument2": 1.5
    },
    "min": 0,
    "max": 3250
  }
}
