{
  "feature": {
    "type": "minecraft:sculk_patch",
    "config": {
      "charge_count": 8,
      "amount_per_charge": 500,
      "spread_attempts": 64,
      "growth_rounds": 0,
      "spread_rounds": 1,
      "extra_rare_growths": 0,
      "catalyst_chance": 0.01
    }
  },
  "placement": [
    {
      "type": "minecraft:count",
      "count": 1
    },
    {
      "type": "minecraft:count",
      "count": 128
    },
    {
      "type": "minecraft:in_square"
    },
    {
      "type": "minecraft:height_range",
      "height": {
        "type": "minecraft:uniform",
        "min_inclusive": {
          "absolute": 0
        },
        "max_inclusive": {
          "absolute": 384
        }
      }
    },
    {
      "type": "minecraft:biome"
    }
  ]
}
