{
  "feature": {
    "type": "minecraft:random_patch",
    "config": {
      "tries": 500,
      "xz_spread": 11,
      "y_spread": 11,
      "feature": {
        "feature": {
          "type": "minecraft:random_selector",
          "config": {
            "features": [
              {
                "chance": 0.5,
                "feature": {
                  "feature": {
                    "type": "minecraft:simple_block",
                    "config": {
                      "to_place": {
                        "type": "minecraft:noise_provider",
                        "seed": 999,
                        "noise": {
                          "firstOctave": 5,
                          "amplitudes": [
                            1.75
                          ]
                        },
                        "scale": 0.00001,
                        "states": [
                          {
                            "Name": "minecraft:air"
                          },
                          {
                            "Name": "minecraft:cave_air"
                          },
                          {
                            "Name": "minecraft:air"
                          }
                        ]
                      }
                    }
                  },
                  "placement": [
                    {
                      "type": "minecraft:block_predicate_filter",
                      "predicate": {
                        "type": "minecraft:all_of",
                        "predicates": [
                          {
                            "type": "minecraft:matching_blocks",
                            "offset": [
                              0,
                              0,
                              0
                            ],
                            "blocks": [
                              "minecraft:air"
                            ]
                          },
                          {
                            "type": "minecraft:any_of",
                            "predicates": [
                              {
                                "type": "minecraft:matching_blocks",
                                "offset": [
                                  1,
                                  0,
                                  0
                                ],
                                "blocks": [
                                  "minecraft:cave_air",
                                  "minecraft:sculk",
                                  "minecraft:stone",
                                  "cave_air",
                                  "obsidian",
                                  "crying_obsidian"
                                ]
                              },
                              {
                                "type": "minecraft:matching_blocks",
                                "offset": [
                                  0,
                                  0,
                                  1
                                ],
                                "blocks": [
                                  "minecraft:cave_air",
                                  "minecraft:sculk",
                                  "minecraft:stone",
                                  "cave_air",
                                  "obsidian",
                                  "crying_obsidian"
                                ]
                              },
                              {
                                "type": "minecraft:matching_blocks",
                                "offset": [
                                  -1,
                                  0,
                                  0
                                ],
                                "blocks": [
                                  "minecraft:cave_air",
                                  "minecraft:sculk",
                                  "minecraft:stone",
                                  "cave_air",
                                  "obsidian",
                                  "crying_obsidian"
                                ]
                              },
                              {
                                "type": "minecraft:matching_blocks",
                                "offset": [
                                  0,
                                  0,
                                  -1
                                ],
                                "blocks": [
                                  "minecraft:cave_air",
                                  "minecraft:sculk",
                                  "minecraft:stone",
                                  "cave_air",
                                  "obsidian",
                                  "crying_obsidian"
                                ]
                              },
                              {
                                "type": "minecraft:matching_blocks",
                                "offset": [
                                  0,
                                  1,
                                  0
                                ],
                                "blocks": [
                                  "minecraft:cave_air",
                                  "minecraft:sculk",
                                  "minecraft:stone",
                                  "cave_air",
                                  "obsidian",
                                  "crying_obsidian"
                                ]
                              },
                              {
                                "type": "minecraft:matching_blocks",
                                "offset": [
                                  0,
                                  -1,
                                  0
                                ],
                                "blocks": [
                                  "minecraft:cave_air",
                                  "minecraft:sculk",
                                  "minecraft:stone",
                                  "cave_air",
                                  "obsidian",
                                  "crying_obsidian"
                                ]
                              }
                            ]
                          }
                        ]
                      }
                    }
                  ]
                }
              }
            ],
            "default": {
              "feature": {
                "type": "minecraft:simple_block",
                "config": {
                  "to_place": {
                    "type": "minecraft:noise_provider",
                    "seed": 9,
                    "noise": {
                      "firstOctave": -4,
                      "amplitudes": [
                        1.75
                      ]
                    },
                    "scale": 1,
                    "states": [
                      {
                        "Name": "minecraft:void_air"
                      },
                      {
                        "Name": "minecraft:sculk"
                      },
                      {
                        "Name": "minecraft:void_air"
                      }
                    ]
                  }
                }
              },
              "placement": [
                {
                  "type": "minecraft:block_predicate_filter",
                  "predicate": {
                    "type": "minecraft:all_of",
                    "predicates": [
                      {
                        "type": "minecraft:matching_blocks",
                        "offset": [
                          0,
                          0,
                          0
                        ],
                        "blocks": [
                          "minecraft:cave_air",
                          "cave_air"
                        ]
                      },
                      {
                        "type": "minecraft:any_of",
                        "predicates": [
                          {
                            "type": "minecraft:matching_blocks",
                            "offset": [
                              1,
                              0,
                              0
                            ],
                            "blocks": [
                              "minecraft:sculk",
                              "minecraft:tuff",
                              "minecraft:stone"
                            ]
                          },
                          {
                            "type": "minecraft:matching_blocks",
                            "offset": [
                              0,
                              0,
                              1
                            ],
                            "blocks": [
                              "minecraft:sculk",
                              "minecraft:tuff",
                              "minecraft:stone"
                            ]
                          },
                          {
                            "type": "minecraft:matching_blocks",
                            "offset": [
                              -1,
                              0,
                              0
                            ],
                            "blocks": [
                              "minecraft:sculk",
                              "minecraft:tuff",
                              "minecraft:stone"
                            ]
                          },
                          {
                            "type": "minecraft:matching_blocks",
                            "offset": [
                              0,
                              0,
                              -1
                            ],
                            "blocks": [
                              "minecraft:sculk",
                              "minecraft:tuff",
                              "minecraft:stone"
                            ]
                          },
                          {
                            "type": "minecraft:matching_blocks",
                            "offset": [
                              0,
                              1,
                              0
                            ],
                            "blocks": [
                              "minecraft:sculk",
                              "minecraft:tuff",
                              "minecraft:stone"
                            ]
                          },
                          {
                            "type": "minecraft:matching_blocks",
                            "offset": [
                              0,
                              -1,
                              0
                            ],
                            "blocks": [
                              "minecraft:sculk",
                              "minecraft:tuff",
                              "minecraft:stone"
                            ]
                          }
                        ]
                      }
                    ]
                  }
                }
              ]
            }
          }
        },
        "placement": []
      }
    }
  },
  "placement": [
    {
      "type": "minecraft:count",
      "count": 3
    },
    {
      "type": "minecraft:count",
      "count": 256
    },
    {
      "type": "minecraft:in_square"
    },
    {
      "type": "minecraft:height_range",
      "height": {
        "type": "minecraft:uniform",
        "min_inclusive": {
          "absolute": 0
        },
        "max_inclusive": {
          "absolute": 384
        }
      }
    },
    {
      "type": "minecraft:block_predicate_filter",
      "predicate": {
        "type": "minecraft:all_of",
        "predicates": [
          {
            "type": "minecraft:matching_blocks",
            "blocks": [
              "minecraft:air",
              "minecraft:cave_air"
            ]
          },
          {
            "type": "minecraft:any_of",
            "predicates": [
              {
                "type": "minecraft:matching_blocks",
                "offset": [
                  1,
                  0,
                  0
                ],
                "blocks": [
                  "minecraft:sculk",
                  "minecraft:stone",
                  "obsidian",
                  "crying_obsidian"
                ]
              },
              {
                "type": "minecraft:matching_blocks",
                "offset": [
                  0,
                  0,
                  1
                ],
                "blocks": [
                  "minecraft:sculk",
                  "minecraft:stone",
                  "obsidian",
                  "crying_obsidian"
                ]
              },
              {
                "type": "minecraft:matching_blocks",
                "offset": [
                  -1,
                  0,
                  0
                ],
                "blocks": [
                  "minecraft:sculk",
                  "minecraft:stone",
                  "obsidian",
                  "crying_obsidian"
                ]
              },
              {
                "type": "minecraft:matching_blocks",
                "offset": [
                  0,
                  0,
                  -1
                ],
                "blocks": [
                  "minecraft:sculk",
                  "minecraft:stone",
                  "obsidian",
                  "crying_obsidian"
                ]
              },
              {
                "type": "minecraft:matching_blocks",
                "offset": [
                  0,
                  1,
                  0
                ],
                "blocks": [
                  "minecraft:sculk",
                  "minecraft:stone",
                  "obsidian",
                  "crying_obsidian"
                ]
              },
              {
                "type": "minecraft:matching_blocks",
                "offset": [
                  0,
                  -1,
                  0
                ],
                "blocks": [
                  "minecraft:sculk",
                  "minecraft:stone",
                  "obsidian",
                  "crying_obsidian"
                ]
              },
              {
                "type": "minecraft:matching_blocks",
                "offset": [
                  2,
                  0,
                  0
                ],
                "blocks": [
                  "minecraft:sculk",
                  "minecraft:stone",
                  "obsidian",
                  "crying_obsidian"
                ]
              },
              {
                "type": "minecraft:matching_blocks",
                "offset": [
                  0,
                  0,
                  2
                ],
                "blocks": [
                  "minecraft:sculk",
                  "minecraft:stone",
                  "obsidian",
                  "crying_obsidian"
                ]
              },
              {
                "type": "minecraft:matching_blocks",
                "offset": [
                  -2,
                  0,
                  0
                ],
                "blocks": [
                  "minecraft:sculk",
                  "minecraft:stone",
                  "obsidian",
                  "crying_obsidian"
                ]
              },
              {
                "type": "minecraft:matching_blocks",
                "offset": [
                  0,
                  0,
                  -2
                ],
                "blocks": [
                  "minecraft:sculk",
                  "minecraft:stone",
                  "obsidian",
                  "crying_obsidian"
                ]
              },
              {
                "type": "minecraft:matching_blocks",
                "offset": [
                  0,
                  2,
                  0
                ],
                "blocks": [
                  "minecraft:sculk",
                  "minecraft:stone",
                  "obsidian",
                  "crying_obsidian"
                ]
              },
              {
                "type": "minecraft:matching_blocks",
                "offset": [
                  0,
                  -2,
                  0
                ],
                "blocks": [
                  "minecraft:sculk",
                  "minecraft:stone",
                  "obsidian",
                  "crying_obsidian"
                ]
              }
            ]
          }
        ]
      }
    },
    {
      "type": "minecraft:count",
      "count": 25
    },
    {
      "type": "minecraft:count",
      "count": 1
    },
    {
      "type": "minecraft:random_offset",
      "xz_spread": {
        "type": "minecraft:uniform",
        "value": {
          "min_inclusive": -5,
          "max_inclusive": 5
        }
      },
      "y_spread": {
        "type": "minecraft:uniform",
        "value": {
          "min_inclusive": -5,
          "max_inclusive": 5
        }
      }
    },
    {
      "type": "minecraft:biome"
    }
  ]
}
