{
  "type": "minecraft:random_selector",
  "config": {
    "features": [
      {
        "chance": 0.7,
        "feature": {
          "feature": {
            "type": "minecraft:vegetation_patch",
            "config": {
              "surface": "ceiling",
              "depth": {
                "type": "minecraft:uniform",
                "value": {
                  "min_inclusive": 10,
                  "max_inclusive": 17
                }
              },
              "vertical_range": 5,
              "extra_bottom_block_chance": 0.25,
              "extra_edge_column_chance": 0.5,
              "vegetation_chance": 0.005,
              "xz_radius": {
                "type": "minecraft:uniform",
                "value": {
                  "min_inclusive": 2,
                  "max_inclusive": 7
                }
              },
              "replaceable": "#nullscape:amethyst_cut",
              "ground_state": {
                "type": "minecraft:simple_state_provider",
                "state": {
                  "Name": "minecraft:dead_fire_coral_block"
                }
              },
              "vegetation_feature": "nullscape:shadow/simple_coral"
            }
          },
          "placement": []
        }
      }
    ],
    "default": {
      "feature": {
        "type": "minecraft:vegetation_patch",
        "config": {
          "surface": "floor",
          "depth": {
            "type": "minecraft:uniform",
            "value": {
              "min_inclusive": 10,
              "max_inclusive": 17
            }
          },
          "vertical_range": 5,
          "extra_bottom_block_chance": 0.25,
          "extra_edge_column_chance": 0.55,
          "vegetation_chance": 0.0035,
          "xz_radius": {
            "type": "minecraft:uniform",
            "value": {
              "min_inclusive": 2,
              "max_inclusive": 4
            }
          },
          "replaceable": "#nullscape:amethyst_cut",
          "ground_state": {
            "type": "minecraft:simple_state_provider",
            "state": {
              "Name": "minecraft:dead_tube_coral_block"
            }
          },
          "vegetation_feature": "nullscape:shadow/simple_coral"
        }
      },
      "placement": []
    }
  }
}
