{
  "type": "minecraft:shifted_noise",
  "noise": "nullscape:material/effect/porosity/bubble_large",
  "xz_scale": 1,
  "y_scale": 2,
  "shift_x": {
    "type": "mul",
    "argument1": 250,
    "argument2": {
      "type": "minecraft:noise",
      "noise": "nullscape:island/shift_x",
      "xz_scale": 2,
      "y_scale": 4
    }
  },
  "shift_y": {
    "type": "mul",
    "argument1": 75,
    "argument2": {
      "type": "minecraft:noise",
      "noise": "nullscape:island/shift_y",
      "xz_scale": 1,
      "y_scale": 2
    }
  },
  "shift_z": {
    "type": "mul",
    "argument1": 250,
    "argument2": {
      "type": "minecraft:noise",
      "noise": "nullscape:island/shift_z",
      "xz_scale": 2,
      "y_scale": 4
    }
  }
}
