{
  "type": "minecraft:add",
  "argument1": {
    "type": "minecraft:add",
    "argument1": {
      "type": "minecraft:add",
      "argument1": {
        "type": "minecraft:mul",
        "argument1": 0.64,
        "argument2": {
          "type": "minecraft:blend_density",
          "argument": {
            "type": "minecraft:add",
            "argument1": -0.234375,
            "argument2": {
              "type": "minecraft:mul",
              "argument1": {
                "type": "minecraft:y_clamped_gradient",
                "from_y": 0,
                "to_y": 16,
                "from_value": 0,
                "to_value": 1
              },
              "argument2": {
                "type": "minecraft:add",
                "argument1": 0.234375,
                "argument2": {
                  "type": "minecraft:add",
                  "argument1": -23.4375,
                  "argument2": {
                    "type": "minecraft:mul",
                    "argument1": {
                      "type": "minecraft:y_clamped_gradient",
                      "from_y": 56,
                      "to_y": 312,
                      "from_value": 1,
                      "to_value": 0
                    },
                    "argument2": {
                      "type": "minecraft:add",
                      "argument1": 23.4375,
                      "argument2": {
                        "type": "minecraft:add",
                        "argument1": {
                          "type": "mul",
                          "argument1": 2,
                          "argument2": {
                            "type": "minecraft:end_islands"
                          }
                        },
                        "argument2": {
                          "type": "minecraft:max",
                          "argument1": {
                            "type": "minecraft:mul",
                            "argument1": 1.75,
                            "argument2": "nullscape:island/bubble"
                          },
                          "argument2": {
                            "type": "minecraft:mul",
                            "argument1": 1.75,
                            "argument2": "nullscape:island/bubble2"
                          }
                        }
                      }
                    }
                  }
                }
              }
            }
          }
        }
      },
      "argument2": {
        "type": "mul",
        "argument1": -10,
        "argument2": {
          "type": "max",
          "argument1": "nullscape:void/void_gauntlet",
          "argument2": 0
        }
      }
    },
    "argument2": {
      "type": "minecraft:y_clamped_gradient",
      "from_y": 0,
      "to_y": 35,
      "from_value": -1.25,
      "to_value": 0
    }
  },
  "argument2": {
    "type": "minecraft:y_clamped_gradient",
    "from_y": 35,
    "to_y": 90,
    "from_value": 0,
    "to_value": -2
  }
}
