{
  "type": "cache_once",
  "argument": {
    "type": "minecraft:spline",
    "spline": {
      "coordinate": "nullscape:island/ring5_offset",
      "points": [
        {
          "location": -0.04,
          "derivative": 0,
          "value": -64
        },
        {
          "location": -0.03,
          "derivative": 0,
          "value": -4
        },
        {
          "location": -0.02,
          "derivative": 0,
          "value": -1
        },
        {
          "location": -0.01,
          "derivative": 0,
          "value": 0
        },
        {
          "location": 0,
          "derivative": 0,
          "value": 1.5
        },
        {
          "location": 0.01,
          "derivative": 0,
          "value": 0
        },
        {
          "location": 0.02,
          "derivative": 0,
          "value": -1
        },
        {
          "location": 0.03,
          "derivative": 0,
          "value": -4
        },
        {
          "location": 0.04,
          "derivative": 0,
          "value": -64
        }
      ]
    }
  }
}
