{
    "type": "minecraft:geode",
    "config": {
        "blocks": {
            "filling_provider": {
                "type": "minecraft:simple_state_provider",
                "state": {
                    "Name": "minecraft:air"
                }
            },
            "inner_layer_provider": {
                "type": "minecraft:dual_noise_provider",
                "seed": 0,
                "noise": {
                    "firstOctave": -6,
                    "amplitudes": [
                        0.15,
                        0.15
                    ]
                },
                "scale": 1,
                "variety": {
                    "min_inclusive": 1,
                    "max_inclusive": 19
                },
                "slow_noise": {
                    "firstOctave": -6,
                    "amplitudes": [
                        1,
                        1.125,
                        1.25,
                        1.375
                    ]
                },
                "slow_scale": 1,
                "states": [
                    {
                        "Name": "minecraft:crying_obsidian"
                    },
                    {
                        "Name": "minecraft:obsidian"
                    },
                    {
                        "Name": "minecraft:obsidian"
                    },
                    {
                        "Name": "minecraft:obsidian"
                    },
                    {
                        "Name": "minecraft:blackstone"
                    },
                    {
                        "Name": "minecraft:obsidian"
                    },
                    {
                        "Name": "minecraft:obsidian"
                    },
                    {
                        "Name": "minecraft:obsidian"
                    },
                    {
                        "Name": "minecraft:blackstone"
                    },
                    {
                        "Name": "minecraft:gilded_blackstone"
                    },
                    {
                        "Name": "minecraft:blackstone"
                    },
                    {
                        "Name": "minecraft:obsidian"
                    },
                    {
                        "Name": "minecraft:obsidian"
                    },
                    {
                        "Name": "minecraft:obsidian"
                    },
                    {
                        "Name": "minecraft:blackstone"
                    },
                    {
                        "Name": "minecraft:obsidian"
                    },
                    {
                        "Name": "minecraft:obsidian"
                    },
                    {
                        "Name": "minecraft:obsidian"
                    },
                    {
                        "Name": "minecraft:crying_obsidian"
                    }
                ]
            },
            "alternate_inner_layer_provider": {
                "type": "minecraft:simple_state_provider",
                "state": {
                    "Name": "minecraft:obsidian"
                }
            },
            "middle_layer_provider": {
                "type": "minecraft:dual_noise_provider",
                "seed": 0,
                "noise": {
                    "firstOctave": -6,
                    "amplitudes": [
                        0.15,
                        0.15
                    ]
                },
                "scale": 1,
                "variety": {
                    "min_inclusive": 1,
                    "max_inclusive": 19
                },
                "slow_noise": {
                    "firstOctave": -6,
                    "amplitudes": [
                        1,
                        1.125,
                        1.25,
                        1.375
                    ]
                },
                "slow_scale": 1,
                "states": [
                    {
                        "Name": "minecraft:crying_obsidian"
                    },
                    {
                        "Name": "minecraft:obsidian"
                    },
                    {
                        "Name": "minecraft:obsidian"
                    },
                    {
                        "Name": "minecraft:obsidian"
                    },
                    {
                        "Name": "minecraft:blackstone"
                    },
                    {
                        "Name": "minecraft:obsidian"
                    },
                    {
                        "Name": "minecraft:obsidian"
                    },
                    {
                        "Name": "minecraft:obsidian"
                    },
                    {
                        "Name": "minecraft:blackstone"
                    },
                    {
                        "Name": "minecraft:gilded_blackstone"
                    },
                    {
                        "Name": "minecraft:blackstone"
                    },
                    {
                        "Name": "minecraft:obsidian"
                    },
                    {
                        "Name": "minecraft:obsidian"
                    },
                    {
                        "Name": "minecraft:obsidian"
                    },
                    {
                        "Name": "minecraft:blackstone"
                    },
                    {
                        "Name": "minecraft:obsidian"
                    },
                    {
                        "Name": "minecraft:obsidian"
                    },
                    {
                        "Name": "minecraft:obsidian"
                    },
                    {
                        "Name": "minecraft:crying_obsidian"
                    }
                ]
            },
            "outer_layer_provider": {
                "type": "minecraft:dual_noise_provider",
                "seed": 0,
                "noise": {
                    "firstOctave": -6,
                    "amplitudes": [
                        0.15,
                        0.15
                    ]
                },
                "scale": 1,
                "variety": {
                    "min_inclusive": 1,
                    "max_inclusive": 19
                },
                "slow_noise": {
                    "firstOctave": -6,
                    "amplitudes": [
                        1,
                        1.125,
                        1.25,
                        1.375
                    ]
                },
                "slow_scale": 1,
                "states": [
                    {
                        "Name": "minecraft:crying_obsidian"
                    },
                    {
                        "Name": "minecraft:obsidian"
                    },
                    {
                        "Name": "minecraft:obsidian"
                    },
                    {
                        "Name": "minecraft:obsidian"
                    },
                    {
                        "Name": "minecraft:blackstone"
                    },
                    {
                        "Name": "minecraft:obsidian"
                    },
                    {
                        "Name": "minecraft:obsidian"
                    },
                    {
                        "Name": "minecraft:obsidian"
                    },
                    {
                        "Name": "minecraft:blackstone"
                    },
                    {
                        "Name": "minecraft:blackstone"
                    },
                    {
                        "Name": "minecraft:blackstone"
                    },
                    {
                        "Name": "minecraft:obsidian"
                    },
                    {
                        "Name": "minecraft:obsidian"
                    },
                    {
                        "Name": "minecraft:obsidian"
                    },
                    {
                        "Name": "minecraft:blackstone"
                    },
                    {
                        "Name": "minecraft:obsidian"
                    },
                    {
                        "Name": "minecraft:obsidian"
                    },
                    {
                        "Name": "minecraft:obsidian"
                    },
                    {
                        "Name": "minecraft:crying_obsidian"
                    }
                ]
            },
            "inner_placements": [
                {
                    "Name": "minecraft:obsidian"
                }
            ],
            "cannot_replace": "#minecraft:carpets",
            "invalid_blocks": "#nullscape:end_bottom"
        },
        "layers": {
            "filling": 1.75,
            "inner_layer": 2.5,
            "middle_layer": 3,
            "outer_layer": 4
        },
        "crack": {
            "generate_crack_chance": 0.625,
            "base_crack_size": 1.4,
            "crack_point_offset": 1.05
        },
        "noise_multiplier": 0.095,
        "use_potential_placements_chance": 0,
        "use_alternate_layer0_chance": 0,
        "placements_require_layer0_alternate": false,
        "outer_wall_distance": {
            "type": "minecraft:uniform",
            "min_inclusive": 3,
            "max_inclusive": 6
        },
        "distribution_points": {
            "type": "minecraft:biased_to_bottom",
            "min_inclusive": 3,
            "max_inclusive": 4
        },
        "point_offset": {
            "type": "minecraft:uniform",
            "min_inclusive": 3,
            "max_inclusive": 7
        },
        "min_gen_offset": -16,
        "max_gen_offset": 16,
        "invalid_blocks_threshold": 25
    }
}