{
  "type": "minecraft:ore",
  "config": {
    "size": 13,
    "discard_chance_on_air_exposure": 0,
    "targets": [
      {
        "target": {
          "predicate_type": "minecraft:block_match",
          "block": "minecraft:smooth_basalt"
        },
        "state": {
          "Name": "minecraft:blackstone"
        }
      },
      {
        "target": {
          "predicate_type": "minecraft:block_match",
          "block": "minecraft:end_stone"
        },
        "state": {
          "Name": "minecraft:blackstone"
        }
      }
    ]
  }
}
