{
  "type": "minecraft:add",
  "argument1": {
    "type": "minecraft:add",
    "argument1": {
      "type": "minecraft:add",
      "argument1": {
        "type": "add",
        "argument1": {
          "type": "minecraft:mul",
          "argument1": 0,
          "argument2": "nullscape:porosity/bubble_medium"
        },
        "argument2": {
          "type": "max",
          "argument1": {
            "type": "minecraft:mul",
            "argument1": 1.25,
            "argument2": "nullscape:island/bubble"
          },
          "argument2": -0.75
        }
      },
      "argument2": {
        "type": "minecraft:mul",
        "argument1": 0.25,
        "argument2": {
          "type": "minecraft:add",
          "argument1": {
            "type": "minecraft:add",
            "argument1": "nullscape:island/ring1_sync",
            "argument2": {
              "type": "minecraft:add",
              "argument1": "nullscape:island/ring2_sync",
              "argument2": "nullscape:island/ring3_sync"
            }
          },
          "argument2": {
            "type": "minecraft:add",
            "argument1": "nullscape:island/ring4_sync",
            "argument2": {
              "type": "minecraft:add",
              "argument1": "nullscape:island/ring5_sync",
              "argument2": "nullscape:island/ring6_sync"
            }
          }
        }
      }
    },
    "argument2": {
      "type": "minecraft:y_clamped_gradient",
      "from_y": 0,
      "to_y": 35,
      "from_value": -3.25,
      "to_value": 0
    }
  },
  "argument2": {
    "type": "minecraft:y_clamped_gradient",
    "from_y": 35,
    "to_y": 90,
    "from_value": 0,
    "to_value": -4
  }
}
