{
	"feature": "nullscape:shadow/droop",
	"placement": [
		{
			"type": "minecraft:count",
			"count": 250
		},
		{
			"type": "minecraft:count",
			"count": 6
		},
		{
			"type": "minecraft:in_square"
		},
		{
			"type": "minecraft:height_range",
			"height": {
				"type": "minecraft:uniform",
				"min_inclusive": {
					"above_bottom": 0
				},
				"max_inclusive": {
					"below_top": 0
				}
			}
		},
		{
			"type": "minecraft:environment_scan",
			"direction_of_search": "up",
			"target_condition": {
				"type": "minecraft:solid"
			},
			"allowed_search_condition": {
				"type": "minecraft:matching_blocks",
				"blocks": [
					"minecraft:air"
				]
			},
			"max_steps": 32
		},
		{
			"type": "biome"
		}
	]
}
