{
	"feature": "nullscape:shadow/pillar",
	"placement": [
		{
			"type": "minecraft:count",
			"count": {
				"type": "minecraft:weighted_list",
				"distribution": [
					{
						"weight": 100,
						"data": 200
					},
					{
						"weight": 0,
						"data": 200
					}
				]
			}
		},
		{
			"type": "minecraft:in_square"
		},
		{
			"type": "minecraft:noise_based_count",
			"noise_to_count_ratio": 20,
			"noise_factor": 257,
			"noise_offset": 0.45
		},
		{
			"type": "minecraft:height_range",
			"height": {
				"type": "minecraft:uniform",
				"min_inclusive": {
					"above_bottom": 0
				},
				"max_inclusive": {
					"below_top": 0
				}
			}
		},
		{
			"type": "minecraft:rarity_filter",
			"chance": 1000
		},
		{
			"type": "minecraft:noise_based_count",
			"noise_to_count_ratio": 50,
			"noise_factor": 234,
			"noise_offset": 0.4
		},
		{
			"type": "biome"
		}
	]
}
