{
    "feature": "nullscape:boneyard/pillar_4",
    "placement": [
        {
            "type": "count",
            "count": {
                "type": "minecraft:biased_to_bottom",
                "min_inclusive": 15,
                "max_inclusive": 40
            }
        },
        {
            "type": "minecraft:environment_scan",
            "direction_of_search": "down",
            "target_condition": {
                "type": "minecraft:solid"
            },
            "allowed_search_condition": {
                "type": "minecraft:matching_blocks",
                "blocks": [
                    "minecraft:air"
                ]
            },
            "max_steps": 32
        },
        {
            "type": "count",
            "count": 64
        }
    ]
}